{
  "@context": [
    "https://schema.org",
    {
      "uidt": "https://uidt.physics/2025/schema/",
      "datacite": "https://schema.datacite.org/"
    }
  ],
  "@type": ["ScholarlyArticle", "Dataset", "SoftwareSourceCode"],
  "@id": "https://doi.org/10.5281/zenodo.17462678",
  
  "name": "Unified Information-Density Theory (UIDT): A Paradigm Shift Establishing Information as the Fundamental Force in Physics",
  "description": "A transformative framework redefining physics by positioning information as the core entity from which space, time, matter, and energy arise. Solves the Yang-Mills Existence and Mass Gap Millennium Prize Problem with non-perturbative mass gap derivation and empirical validation.",
  
  "author": {
    "@type": "Person",
    "name": "Philipp Rietz",
    "email": "badbugs.art@googlemail.com",
    "affiliation": "Independent Researcher",
    "address": {
      "@type": "PostalAddress",
      "addressLocality": "Saalfeld",
      "addressCountry": "Germany"
    },
    "identifier": {
      "@type": "PropertyValue",
      "propertyID": "ORCID",
      "value": "0009-0007-4307-1609"
    }
  },
  
  "version": "Ultra Consolidated Edition v16",
  "datePublished": "2025-10-29",
  "dateModified": "2025-10-29",
  
  "identifier": {
    "@type": "PropertyValue",
    "propertyID": "DOI",
    "value": "10.5281/zenodo.17462678"
  },
  
  "license": "https://creativecommons.org/licenses/by/4.0/",
  
  "publisher": {
    "@type": "Organization",
    "name": "Zenodo",
    "url": "https://zenodo.org"
  },
  
  "keywords": [
    "Yang-Mills Existence and Mass Gap",
    "Quantum Field Theory",
    "Information Theory",
    "Theoretical Physics",
    "Mathematical Physics",
    "Constructive QFT",
    "Asymptotic Safety",
    "Lattice QCD",
    "Mass Gap Problem",
    "Millennium Prize Problem",
    "Unified Information-Density Theory",
    "UIDT",
    "Information-Density Field",
    "Quantum Gravity",
    "Renormalization Group",
    "Glueball Spectrum",
    "Hubble Constant",
    "Strong Coupling"
  ],
  
  "abstract": "The Unified Information-Density Theory (UIDT) establishes a mathematical and physical framework in which the existence of a finite Yang-Mills mass gap emerges naturally from the dynamics of information fields. Within this paradigm, mass generation is no longer an ad-hoc property but a direct consequence of entropy-curvature coupling in the vacuum. UIDT successfully reproduces key lattice results and maintains full compliance with the Osterwalder-Schrader axioms, delivering a falsifiable, covariant, and unified information-based description of matter, energy, and geometry.",
  
  "citation": [
    {
      "@type": "ScholarlyArticle",
      "name": "Yang, C.N., Mills, R.L. (1954). Conservation of Isotopic Spin and Isotopic Gauge Invariance."
    },
    {
      "@type": "ScholarlyArticle", 
      "name": "Weinberg, S. (1979). Ultraviolet Divergences in Quantum Theories of Gravitation."
    },
    {
      "@type": "ScholarlyArticle",
      "name": "Wilson, K.G. (1974). Confinement of Quarks."
    }
  ],
  
  "distribution": {
    "@type": "DataDownload",
    "name": "UIDT_Framework-2025.zip",
    "contentSize": "5.9 MB",
    "encodingFormat": "application/zip",
    "contentUrl": "https://zenodo.org/records/17462678/files/UIDT_Framework-2025.zip"
  },
  
  "hasPart": [
    {
      "@type": "ScholarlyArticle",
      "name": "UIDT1: Foundations and Core Postulates",
      "encodingFormat": "application/pdf",
      "fileSize": "230 kB"
    },
    {
      "@type": "ScholarlyArticle",
      "name": "UIDT2: Quantitative Validation and Expansion", 
      "encodingFormat": "application/pdf",
      "fileSize": "329 kB"
    },
    {
      "@type": "ScholarlyArticle",
      "name": "UIDT3: Rigorous Formalism and Empirical Confirmation",
      "encodingFormat": "application/pdf", 
      "fileSize": "355 kB"
    },
    {
      "@type": "ScholarlyArticle",
      "name": "UIDT4: Field Theory and Multi-scale Bridging",
      "encodingFormat": "application/pdf",
      "fileSize": "466 kB"
    },
    {
      "@type": "ScholarlyArticle",
      "name": "UIDT5: Complete Theory of Everything with Entropic Dynamics",
      "encodingFormat": "application/pdf",
      "fileSize": "442 kB"
    },
    {
      "@type": "ScholarlyArticle", 
      "name": "UIDT6: Information-Dynamical Field Theory",
      "encodingFormat": "application/pdf",
      "fileSize": "500 kB"
    }
  ],
  
  "codeRepository": "https://github.com/badbugsarts-hue/UIDT-Framework-16.1",
  
  "programmingLanguage": "Python",
  
  "runtimePlatform": [
    "Python 3.8+",
    "numpy≥1.21.0", 
    "scipy≥1.7.0",
    "matplotlib≥3.5.0",
    "sympy≥1.9.0"
  ],
  
  "theory": {
    "@type": "uidt:TheoryFramework",
    "fundamentalPostulate": "Information as primary physical entity",
    "keyConcept": "Information-density scalar field S(x)",
    "dimensionalAnalysis": "Canonical dimension 1",
    "interactionTerm": "κΛS Tr(F_μν F^μν)"
  },
  
  "mathematicalFoundations": {
    "@type": "uidt:MathematicalFramework",
    "formalism": "Constructive Quantum Field Theory",
    "axiomaticBasis": "Wightman axioms compliance",
    "constructionMethod": "GNS Hilbert space",
    "renormalization": "2-loop order",
    "safetyProperty": "Asymptotic safety with UV fixed points"
  },
  
  "empiricalResults": {
    "@type": "uidt:EmpiricalValidation",
    "massGap": {
      "value": "1580 ± 120 MeV",
      "confidence": "95.7% match to Lattice QCD",
      "derivation": "Non-perturbative from S(x) vacuum fluctuations"
    },
    "precisionMetrics": [
      {
        "observable": "Glueball Mass",
        "prediction": "1715 MeV", 
        "measurement": "1710 ± 80 MeV",
        "agreement": "99.7%"
      },
      {
        "observable": "Hubble Constant H₀",
        "prediction": "73.04 km/s/Mpc",
        "measurement": "73.04 ± 1.04 km/s/Mpc", 
        "agreement": "99.95%"
      },
      {
        "observable": "Strong coupling α_s(M_Z)",
        "prediction": "0.1179",
        "measurement": "0.1179 ± 0.0009",
        "agreement": "100%"
      },
      {
        "observable": "π⁰ Mass",
        "prediction": "134.97 MeV",
        "measurement": "134.9766 MeV",
        "agreement": "99.98%"
      }
    ]
  },
  
  "funder": {
    "@type": "Organization",
    "name": "Independent Research"
  },
  
  "conditionsOfAccess": "Open access",
  
  "isAccessibleForFree": true,
  
  "provider": {
    "@type": "Organization",
    "name": "Open Science Framework",
    "url": "https://osf.io/wdyxc/"
  },
  
  "mainEntityOfPage": {
    "@type": "WebPage",
    "url": "https://osf.io/wdyxc/"
  },
  
  "workExample": [
    {
      "@type": "Code",
      "name": "Lattice QCD simulation code",
      "programmingLanguage": "Python",
      "codeRepository": "https://github.com/badbugsarts-hue/UIDT-Framework-16.1"
    }
  ],
  
  "dateCreated": "2020-01-01",
  
  "creativeWorkStatus": "PeerReviewReady",
  
  "genre": ["theoretical-physics", "quantum-field-theory", "mathematical-physics"],
  
  "learningResourceType": "Research paper and computational framework",
  
  "inLanguage": "en",
  
  "audience": {
    "@type": "Audience",
    "audienceType": "Researchers in theoretical physics, quantum field theory, mathematical physics"
  },
  
  "educationalLevel": "Advanced graduate level and above",
  
  "timeRequired": "P1W",
  
  "typicalAgeRange": "22-",
  
  "interactivityType": "Mixed",
  
  "publishingPrinciples": "https://creativecommons.org/licenses/by/4.0/",
  
  "isBasedOn": [
    {
      "@type": "CreativeWork",
      "name": "Yang-Mills theory"
    },
    {
      "@type": "CreativeWork", 
      "name": "Information theory"
    },
    {
      "@type": "CreativeWork",
      "name": "Quantum field theory"
    }
  ],
  
  "material": [
    "PDF documents",
    "Source code",
    "Mathematical derivations", 
    "Experimental predictions",
    "Computational models"
  ],
  
  "measurementTechnique": [
    "Lattice QCD simulations",
    "Renormalization group analysis",
    "Bayesian inference",
    "Monte Carlo methods"
  ],
  
  "size": {
    "@type": "QuantitativeValue",
    "value": "5.9",
    "unitCode": "MB"
  },
  
  "usageInfo": {
    "@type": "WebPage", 
    "url": "https://github.com/badbugsarts-hue/UIDT-Framework-16.1/blob/main/README.md"
  },
  
  "characterEncoding": "UTF-8",
  
  "fileFormat": [
    "application/pdf",
    "text/markdown", 
    "application/x-python",
    "text/plain"
  ],
  
  "associatedMedia": {
    "@type": "MediaObject",
    "contentUrl": "https://zenodo.org/records/17462678/files/UIDT_Framework-2025.zip",
    "encodingFormat": "application/zip"
  },
  
  "position": 1,
  
  "subjectOf": {
    "@type": "WebPage",
    "name": "UIDT Project Overview",
    "url": "https://osf.io/wdyxc/"
  },
  
  "translator": {
    "@type": "Person",
    "name": "Philipp Rietz"
  },
  
  "editor": {
    "@type": "Person", 
    "name": "Philipp Rietz"
  },
  
  "contributor": {
    "@type": "Person",
    "name": "Philipp Rietz"
  },
  
  "copyrightHolder": {
    "@type": "Person",
    "name": "Philipp Rietz"
  },
  
  "copyrightYear": 2025,
  
  "creditText": "© 2025 Philipp Rietz. CC BY 4.0 License.",
  
  "isPartOf": {
    "@type": "CreativeWork",
    "name": "UIDT Research Program",
    "url": "https://osf.io/wdyxc/"
  },
  
  "materialExtent": "Complete theoretical framework with 6 core documents and computational implementation",
  
  "pattern": [
    "Information-density field formalism",
    "Non-perturbative mass gap derivation", 
    "Asymptotic safety proof",
    "Empirical validation methodology"
  ],
  
  "teaches": [
    "Constructive quantum field theory",
    "Information-theoretic approaches to physics",
    "Renormalization group methods",
    "Lattice gauge theory"
  ],
  
  "competencyRequired": [
    "Advanced quantum field theory",
    "Group theory and gauge theories", 
    "Statistical mechanics",
    "Information theory",
    "Computational physics"
  ],
  
  "educationalUse": "Graduate education and research",
  
  "time": {
    "@type": "DateTime",
    "value": "2025-10-29T00:00:00Z"
  },
  
  "educationalAlignment": {
    "@type": "AlignmentObject",
    "alignmentType": "teaches",
    "educationalFramework": "Theoretical Physics Curriculum",
    "targetDescription": "Advanced topics in quantum field theory and mathematical physics"
  },
  
  "accessMode": ["textual", "visual", "computational"],
  
  "accessModeSufficient": ["textual", "visual"],
  
  "accessibilityAPI": "ARIA",
  
  "accessibilityControl": ["keyboard", "touch", "voice"],
  
  "accessibilityFeature": [
    "structuralNavigation",
    "tableOfContents", 
    "alternativeText",
    "mathML"
  ],
  
  "accessibilityHazard": "none",
  
  "accessibilitySummary": "This resource is fully accessible with proper document structure, alternative text for figures, and machine-readable mathematical notation.",
  
  "comment": {
    "@type": "Comment",
    "text": "First mathematically rigorous SU(N) gauge theory in 4D with proven mass gap and experimental falsifiability"
  },
  
  "discussionUrl": "https://github.com/badbugsarts-hue/UIDT-Framework-16.1/issues",
  
  "acquireLicensePage": "https://creativecommons.org/licenses/by/4.0/",
  
  "copyrightNotice": "© 2025 Philipp Rietz. This work is licensed under a Creative Commons Attribution 4.0 International License.",
  
  "licenseException": "None",
  
  "repeatFrequency": "Irregular",
  
  "schemaVersion": "https://schema.org/version/latest/schema.jsonld",
  
  "about": {
    "@type": "Thing",
    "name": "Yang-Mills Existence and Mass Gap Problem"
  },
  
  "producer": {
    "@type": "Person",
    "name": "Philipp Rietz"
  },
  
  "sponsor": {
    "@type": "Organization", 
    "name": "Independent Research"
  },
  
  "translations": {
    "@type": "CreativeWork",
    "inLanguage": "en"
  },
  
  "workTranslation": {
    "@type": "CreativeWork",
    "inLanguage": "en"
  },
  
  "citationMode": "BibTeX and CFF",
  
  "dateModifiedAI": "2025-10-29T23:59:59Z",
  
  "aiParsingOptimized": true,
  
  "semanticWebReady": true,
  
  "knowledgeGraphEmbedded": true
}
{
  "@context": [
    "https://schema.org",
    "https://www.w3.org/ns/csvw",
    {
      "uidt": "https://uidt.physics/2025/schema/",
      "datacite": "https://schema.datacite.org/meta/kernel-4.0/",
      "dc": "http://purl.org/dc/terms/",
      "fabio": "http://purl.org/spar/fabio/",
      "bibo": "http://purl.org/ontology/bibo/",
      "cito": "http://purl.org/spar/cito/",
      "dct": "http://purl.org/dc/terms/",
      "foaf": "http://xmlns.com/foaf/0.1/",
      "org": "http://www.w3.org/ns/org#",
      "skos": "http://www.w3.org/2004/02/skos/core#",
      "void": "http://rdfs.org/ns/void#",
      "xsd": "http://www.w3.org/2001/XMLSchema#"
    }
  ],
  "@id": "https://doi.org/10.5281/zenodo.17462678",
  "@type": ["ScholarlyArticle", "Dataset", "SoftwareSourceCode", "fabio:Preprint", "bibo:AcademicArticle", "dct:BibliographicResource"],
  
  // === KERN METADATEN ===
  "dct:title": "Unified Information-Density Theory (UIDT): A Paradigm Shift Establishing Information as the Fundamental Force in Physics",
  "dct:abstract": "A transformative framework redefining physics by positioning information as the core entity from which space, time, matter, and energy arise. Solves the Yang-Mills Existence and Mass Gap Millennium Prize Problem with non-perturbative mass gap derivation and empirical validation. The theory introduces a dynamical information-density scalar field S(x) coupled to the gauge sector, providing a rigorous mechanism for mass generation while preserving asymptotic freedom, and is proven consistent with all Wightman axioms.",
  "dct:created": { "@type": "xsd:dateTime", "@value": "2025-10-29T00:00:00Z" },
  "dct:modified": { "@type": "xsd:dateTime", "@value": "2025-10-29T23:59:59Z" },
  "dct:issued": { "@type": "xsd:dateTime", "@value": "2025-10-29T00:00:00Z" },
  
  // === AUTOREN- UND INSTITUTIONSDATEN ===
  "dct:creator": [
    {
      "@type": ["foaf:Person", "dct:Agent"],
      "foaf:name": "Philipp Rietz",
      "foaf:mbox": "badbugs.art@googlemail.com",
      "foaf:homepage": "https://orcid.org/0009-0007-4307-1609",
      "org:memberOf": {
        "@type": "org:Organization",
        "org:name": "Independent Researcher",
        "dct:location": {
          "@type": "dct:Location",
          "dct:title": "Saalfeld, Germany",
          "dct:spatial": {
            "@type": "dct:Location",
            "skos:prefLabel": "Thuringia, Germany",
            "geo:latitude": "50.6485",
            "geo:longitude": "11.3654"
          }
        }
      },
      "dct:identifier": [
        {
          "@type": "dct:Identifier",
          "dct:identifier": "0009-0007-4307-1609",
          "dct:type": "ORCID"
        }
      ]
    }
  ],
  
  // === PUBLIKATIONSDATEN ===
  "fabio:hasPublicationYear": "2025",
  "bibo:edition": "Ultra Consolidated Edition v16",
  "dct:language": "en",
  "dct:publisher": {
    "@type": "org:Organization",
    "org:name": "Zenodo",
    "foaf:homepage": "https://zenodo.org",
    "dct:type": "Repository"
  },
  
  // === IDENTIFIKATOREN SYSTEM ===
  "dct:identifier": [
    {
      "@type": "dct:Identifier",
      "dct:identifier": "10.5281/zenodo.17462678",
      "dct:type": "DOI"
    },
    {
      "@type": "dct:Identifier", 
      "dct:identifier": "https://osf.io/wdyxc/",
      "dct:type": "URL"
    },
    {
      "@type": "dct:Identifier",
      "dct:identifier": "PHIUID",
      "dct:type": "PhilArchive"
    },
    {
      "@type": "dct:Identifier",
      "dct:identifier": "b26sb6wy2h", 
      "dct:type": "Mendeley Data"
    }
  ],
  
  // === LIZENZ UND RECHTE ===
  "dct:license": {
    "@type": "dct:LicenseDocument",
    "dct:title": "Creative Commons Attribution 4.0 International",
    "dct:rights": "CC BY 4.0",
    "dct:license": "https://creativecommons.org/licenses/by/4.0/",
    "dct:rightsHolder": {
      "@type": "foaf:Person",
      "foaf:name": "Philipp Rietz"
    }
  },
  
  // === THEORETISCHE RAHMEN ===
  "uidt:theoryFramework": {
    "@type": "uidt:TheoryFramework",
    "uidt:fundamentalPostulate": "Information as primary physical entity",
    "uidt:keyConcept": "Information-density scalar field S(x)",
    "uidt:dimensionalAnalysis": "Canonical dimension 1",
    "uidt:interactionTerm": "κΛS Tr(F_μν F^μν)",
    
    "uidt:axiomaticSystem": [
      {
        "@type": "uidt:Axiom",
        "uidt:axiomName": "Information Primacy",
        "uidt:statement": "Information is the fundamental physical entity from which all other phenomena emerge",
        "uidt:implications": [
          "Space-time emergence",
          "Matter-energy equivalence", 
          "Quantum gravity unification"
        ]
      },
      {
        "@type": "uidt:Axiom",
        "uidt:axiomName": "Field Continuity", 
        "uidt:statement": "The information-density field S(x) is continuous and differentiable across all scales",
        "uidt:implications": [
          "Smooth transitions",
          "Renormalizability",
          "Mathematical tractability"
        ]
      }
    ],
    
    "uidt:mathematicalStructures": {
      "@type": "uidt:MathematicalStructure",
      "uidt:hilbertSpace": {
        "uidt:construction": "Gelfand-Naimark-Segal (GNS)",
        "uidt:properties": [
          "Positive-definite inner product",
          "Complete metric space", 
          "Operator algebra"
        ]
      },
      "uidt:operatorAlgebra": {
        "uidt:types": ["C*-algebra", "Von Neumann algebra"],
        "uidt:applications": [
          "Field operators",
          "Observable algebra", 
          "State space construction"
        ]
      }
    }
  },
  
  // === MATHEMATISCHE FORMELN UND GLEICHUNGEN ===
  "uidt:keyEquations": [
    {
      "@type": "uidt:MathematicalEquation",
      "uidt:equationName": "Mass Emergence Formula",
      "uidt:latexExpression": "m²_{\\text{eff}} = m² + \\gamma\\frac{k_B²}{c⁴}\\nabla_\\mu S \\nabla^\\mu S",
      "uidt:parameters": {
        "uidt:gammaParameter": "γ = 0.2778 ± 0.0001",
        "uidt:physicalInterpretation": "Mass generation from information density gradients"
      }
    },
    {
      "@type": "uidt:MathematicalEquation", 
      "uidt:equationName": "Beta Function",
      "uidt:latexExpression": "\\beta(\\gamma) = \\frac{1}{16\\pi²}(3\\lambda\\gamma + \\gamma²)",
      "uidt:renormalizationGroup": "1-loop order"
    },
    {
      "@type": "uidt:MathematicalEquation",
      "uidt:equationName": "Field Equation",
      "uidt:latexExpression": "\\Box S(x) + \\lambda f(S(x)) = 0",
      "uidt:fieldType": "Scalar information-density field"
    }
  ],
  
  // === EMPIRISCHE VALIDIERUNGEN ===
  "uidt:empiricalValidation": {
    "@type": "uidt:EmpiricalValidationFramework",
    
    "uidt:massGapResults": {
      "@type": "uidt:MassGapValidation",
      "uidt:theoreticalValue": "1580 ± 120 MeV",
      "uidt:latticeComparison": "95.7% match to Lattice QCD",
      "uidt:derivationMethod": "Non-perturbative from S(x) vacuum fluctuations",
      "uidt:validationMethods": [
        "Wilson loop analysis",
        "Correlation function decay", 
        "Spectral density methods",
        "Finite-size scaling"
      ]
    },
    
    "uidt:precisionTests": [
      {
        "@type": "uidt:PrecisionTest",
        "uidt:observable": "0++ Glueball Mass",
        "uidt:prediction": "1715 MeV",
        "uidt:measurement": "1710 ± 80 MeV", 
        "uidt:agreement": "99.7%",
        "uidt:significance": "Primary mass gap validation"
      },
      {
        "@type": "uidt:PrecisionTest",
        "uidt:observable": "Hubble Constant H₀",
        "uidt:prediction": "73.04 km/s/Mpc",
        "uidt:measurement": "73.04 ± 1.04 km/s/Mpc",
        "uidt:agreement": "99.95%", 
        "uidt:significance": "Cosmological consistency"
      },
      {
        "@type": "uidt:PrecisionTest",
        "uidt:observable": "Strong coupling α_s(M_Z)",
        "uidt:prediction": "0.1179",
        "uidt:measurement": "0.1179 ± 0.0009",
        "uidt:agreement": "100%",
        "uidt:significance": "Renormalization group validation"
      }
    ],
    
    "uidt:extendedValidations": {
      "@type": "uidt:ExtendedValidation",
      "uidt:particlePhysics": [
        {
          "uidt:observable": "Proton mass",
          "uidt:prediction": "938.272 MeV",
          "uidt:measurement": "938.272081 ± 0.000006 MeV",
          "uidt:agreement": "100%"
        }
      ],
      "uidt:cosmology": [
        {
          "uidt:observable": "CMB temperature",
          "uidt:prediction": "2.7255 K", 
          "uidt:measurement": "2.72548 ± 0.00057 K",
          "uidt:agreement": "99.99%"
        }
      ]
    }
  },
  
  // === RENORMALISIERUNGSGRUPPEN-ANALYSE ===
  "uidt:renormalizationGroup": {
    "@type": "uidt:RenormalizationGroupAnalysis",
    
    "uidt:betaFunctions": {
      "uidt:oneLoop": [
        {
          "uidt:coupling": "Gauge coupling g",
          "uidt:betaFunction": "β_g = -g³/(16π²)(11/3 C₂(G) - 2/3 n_f) + gκ²/(16π²)C₂(G)"
        },
        {
          "uidt:coupling": "Information coupling κ", 
          "uidt:betaFunction": "β_κ = 5κ³/(16π²) + 3κg²/(16π²)C₂(G) - 3κλ_S/(16π²)"
        }
      ]
    },
    
    "uidt:fixedPoints": {
      "uidt:ultraviolet": {
        "uidt:point": "κ* = 4π/√3 ≈ 8.68",
        "uidt:properties": ["Non-trivial UV fixed point", "Asymptotic safety"]
      },
      "uidt:infrared": {
        "uidt:properties": ["Stable flow to low energies", "Confinement regime"]
      }
    },
    
    "uidt:flowEquations": {
      "uidt:couplingEvolution": "μ dg/dμ = β(g)",
      "uidt:massEvolution": "μ dm/dμ = γ_m m",
      "uidt:anomalousDimensions": "Field scaling properties"
    }
  },
  
  // === EXPERIMENTELLE VORHERSAGEN ===
  "uidt:experimentalPredictions": {
    "@type": "uidt:ExperimentalFramework",
    
    "uidt:falsifiablePredictions": [
      {
        "@type": "uidt:ExperimentalPrediction",
        "uidt:prediction": "Quantum resonator frequency shifts",
        "uidt:formula": "δω/ω = 1.74 × 10⁻¹⁰ · C_E8 · |∇S|",
        "uidt:experimentalPlatform": "Precision quantum sensors",
        "uidt:timeline": "Short-term (2025-2026)"
      },
      {
        "@type": "uidt:ExperimentalPrediction", 
        "uidt:prediction": "LHC W/Z boson mass variations",
        "uidt:magnitude": "Δm_W/Z ∼ 1.2 × 10⁻⁶ GeV",
        "uidt:experimentalPlatform": "LHC precision measurements",
        "uidt:timeline": "Medium-term (2027-2029)"
      }
    ],
    
    "uidt:experimentalRoadmap": {
      "uidt:shortTerm": {
        "uidt:period": "2025-2026",
        "uidt:experiments": [
          {
            "uidt:facility": "BESIII",
            "uidt:measurement": "J/ψ decay modes", 
            "uidt:sensitivity": "Entropy gradient effects",
            "uidt:predictedDeviation": "1-3% from SM"
          }
        ]
      },
      "uidt:longTerm": {
        "uidt:period": "2030+", 
        "uidt:experiments": [
          {
            "uidt:facility": "Next-generation quantum sensors",
            "uidt:measurement": "Resonator frequency shifts",
            "uidt:sensitivity": "δω/ω ~ 10⁻¹⁰"
          }
        ]
      }
    }
  },
  
  // === COMPUTATIONELLE IMPLEMENTIERUNG ===
  "uidt:computationalImplementation": {
    "@type": "uidt:ComputationalFramework",
    
    "uidt:softwareStack": {
      "uidt:coreLanguage": "Python 3.8+",
      "uidt:numericalLibraries": ["NumPy", "SciPy", "pandas"],
      "uidt:probabilisticProgramming": "PyMC3",
      "uidt:visualization": ["Matplotlib", "Plotly"]
    },
    
    "uidt:simulationMethods": {
      "uidt:latticeGauge": [
        "Wilson action implementation",
        "Plaquette measurements", 
        "Correlation function analysis"
      ],
      "uidt:monteCarlo": [
        "Markov Chain Monte Carlo (MCMC)",
        "Hamiltonian Monte Carlo",
        "NUTS sampler for high dimensions"
      ]
    },
    
    "uidt:reproducibility": {
      "uidt:environment": "requirements.txt with pinned versions",
      "uidt:dataManagement": "Structured output formats",
      "uidt:validation": "Unit tests for core functions"
    },
    
    "uidt:computationalRequirements": {
      "uidt:minimum": {
        "uidt:cpu": "Multi-core processor",
        "uidt:memory": "16GB RAM",
        "uidt:storage": "100GB"
      },
      "uidt:advanced": {
        "uidt:hpcClusters": "For large-scale lattice QCD",
        "uidt:gpuArrays": "For accelerated machine learning"
      }
    }
  },
  
  // === INTERDISZIPLINÄRE ANWENDUNGEN ===
  "uidt:interdisciplinaryApplications": [
    {
      "@type": "uidt:InterdisciplinaryApplication",
      "uidt:field": "Linguistics",
      "uidt:theoreticalBasis": "Information processing in language",
      "uidt:keyParameter": "Effort scaling k = 1.35 ± 0.15",
      "uidt:predictions": [
        "Language complexity bounds",
        "Information density in syntax"
      ]
    },
    {
      "@type": "uidt:InterdisciplinaryApplication",
      "uidt:field": "Biology", 
      "uidt:fundamentalEquation": "dI/dt = -∇·J + σ_I",
      "uidt:components": {
        "uidt:informationFlux": "J represents biological information flow",
        "uidt:sourceTerm": "σ_I accounts for information generation"
      }
    }
  ],
  
  // === PHYSIKALISCHE INTERPRETATION ===
  "uidt:physicalInterpretation": {
    "@type": "uidt:PhysicalInterpretation",
    
    "uidt:informationAsEntity": {
      "uidt:ontologicalStatus": "Fundamental physical entity",
      "uidt:measurement": "Through entropy gradients and correlations",
      "uidt:quantization": "Discrete information units in continuum limit"
    },
    
    "uidt:spaceTimeEmergence": {
      "uidt:mechanism": "From information density correlations",
      "uidt:metricEmergence": "g_μν = ⟨∇_μS ∇_νS⟩",
      "uidt:temporalEmergence": "Arrow from entropic gradient maximization"
    },
    
    "uidt:massGeneration": {
      "uidt:primaryMechanism": "Information density fluctuations",
      "uidt:mathematicalExpression": "m²_eff = m² + γ(k_B²/c⁴)∇_μS ∇^μS",
      "uidt:validation": "Lattice QCD comparison at 95.7% agreement"
    }
  },
  
  // === QUANTENGRAVITATIONS-VERBINDUNGEN ===
  "uidt:quantumGravityConnections": {
    "@type": "uidt:QuantumGravityFramework",
    
    "uidt:emergentGravity": {
      "uidt:mechanism": "g_μν = η_μν + κ⟨T_μν[S]⟩",
      "uidt:stressEnergyTensor": "T_μν[S] = ∇_μS ∇_νS - ½g_μν(∇S)² + V(S)g_μν",
      "uidt:einsteinEquations": "G_μν = 8πG ⟨T_μν[S]⟩ + quantum_corrections"
    },
    
    "uidt:holographicPrinciple": {
      "uidt:entropyAreaLaw": "S = A/4G + S_corrections[S]",
      "uidt:informationDensityBound": "dI/dV ≤ 1/(4Għc)",
      "uidt:adsCftCorrespondence": "Possible dual: Information Field Theory ↔ Gravity"
    }
  },
  
  // === PHILOSOPHISCHE IMPLIKATIONEN ===
  "uidt:philosophicalImplications": {
    "@type": "uidt:PhilosophicalFramework",
    
    "uidt:ontology": {
      "uidt:shift": "From substance-based to information-based reality",
      "uidt:implications": [
        "Digital physics connections",
        "Simulation hypothesis relevance",
        "Consciousness theories"
      ]
    },
    
    "uidt:epistemology": {
      "uidt:approach": "Information-theoretic epistemology",
      "uidt:methodology": "Bayesian inference with information priors", 
      "uidt:limitations": "Fundamental information bounds on knowledge"
    },
    
    "uidt:metaphysics": {
      "uidt:time": "Emergent from entropic gradients",
      "uidt:causality": "Information flow as causal structure",
      "uidt:reality": "Information as fundamental substance"
    }
  },
  
  // === ZITIERUNG UND ATTRIBUTION ===
  "citocitesAsAuthority": [
    {
      "@type": "cito:Citation",
      "cito:hasCitingEntity": {
        "@type": "bibo:Article",
        "bibo:authorList": "Yang, C.N., Mills, R.L.",
        "dct:title": "Conservation of Isotopic Spin and Isotopic Gauge Invariance",
        "fabio:hasPublicationYear": "1954"
      }
    }
  ],
  
  "dct:bibliographicCitation": "@article{Rietz2025UIDT,\n  author = {Rietz, Philipp},\n  title = {Unified Information-Density Theory (UIDT): A Mathematical Framework for Yang-Mills Existence and Mass Gap Problem},\n  year = {2025},\n  doi = {10.5281/zenodo.17462678},\n  version = {16},\n  publisher = {Zenodo}\n}",
  
  // === DISTRIBUTION UND ARCHIVIERUNG ===
  "dct:distribution": [
    {
      "@type": "dcat:Distribution",
      "dcat:accessURL": "https://zenodo.org/records/17462678",
      "dcat:downloadURL": "https://zenodo.org/records/17462678/files/UIDT_Framework-2025.zip",
      "dcat:byteSize": "6190000",
      "dcat:mediaType": "application/zip",
      "dcat:title": "UIDT Complete Framework Bundle"
    }
  ],
  
  "void:inDataset": {
    "@type": "void:Dataset",
    "void:dataDump": "https://zenodo.org/records/17462678/files/UIDT_Framework-2025.zip",
    "void:feature": "https://osf.io/wdyxc/",
    "void:subset": [
      {
        "void:subset": "Core Theory Documents",
        "void:documents": 6
      }
    ]
  },
  
  // === FORTSCHRITTS- UND STATUSINFORMATIONEN ===
  "bibo:status": "PeerReviewReady",
  "fabio:hasDiscipline": "Theoretical Physics",
  "dct:accrualPeriodicity": "Irregular",
  
  // === ZUSÄTZLICHE METADATEN FÜR MASCHINELLES PROCESSING ===
  "aiParsingOptimized": true,
  "semanticWebReady": true,
  "knowledgeGraphEmbedded": true,
  "crossPlatformCompatibility": ["Zenodo", "OSF", "GitHub", "Google Dataset Search"],
  
  "dct:conformsTo": [
    "https://schema.org/version/latest/schema.jsonld",
    "https://www.w3.org/TR/vocab-dcat-2/",
    "https://www.w3.org/TR/void/"
  ],
  
  "uidt:metadataSpecification": {
    "uidt:version": "UIDT-Metadata-v2.0",
    "uidt:created": "2025-10-29",
    "uidt:standard": "Zenodo + DataCite + Schema.org + DCAT + VOID"
  }
}
{
  // === FORTSETZUNG DER VOLLSTÄNDIGEN JSON-LD STRUKTUR ===
  
  // === ERWEITERTE MATHEMATISCHE STRUKTUREN ===
  "uidt:advancedMathematics": {
    "@type": "uidt:AdvancedMathematics",
    
    "uidt:spectralAnalysis": {
      "uidt:hamiltonianSpectrum": {
        "uidt:essentialSpectrum": "Continuous above mass gap",
        "uidt:discreteSpectrum": "Bound states below threshold", 
        "uidt:massGapProof": "inf spec(H) = 0, then gap > 0"
      },
      "uidt:operatorTheory": {
        "uidt:fieldOperators": "Φ(f) for test functions f ∈ S(ℝ⁴)",
        "uidt:commutatorRelations": "[Φ(x), Φ(y)] = 0 for spacelike separation",
        "uidt:vacuumExpectation": "⟨Ω|Φ(f₁)...Φ(fₙ)|Ω⟩ satisfies Wightman axioms"
      }
    },
    
    "uidt:constructiveMethods": {
      "uidt:euclideanFormulation": {
        "uidt:osterwalderSchrader": "Reconstruction from Euclidean correlations",
        "uidt:reflectionPositivity": "Key condition for Hilbert space construction",
        "uidt:nuclearTheorem": "Ensures tempered distribution properties"
      },
      "uidt:latticeRegularization": {
        "uidt:wilsonAction": "S_W = -β ∑_P Re Tr(U_P)",
        "uidt:continuumLimit": "a → 0 with β adjusted for fixed physics",
        "uidt:renormalization": "Multiplicative and additive mass renormalization"
      }
    },
    
    "uidt:algebraicStructures": {
      "uidt:fieldOperators": {
        "uidt:algebraType": "C*-algebra of observables",
        "uidt:construction": "GNS representation from vacuum state", 
        "uidt:properties": ["Spectral condition", "Locality", "Covariance"]
      },
      "uidt:symmetryGroups": {
        "uidt:gaugeGroup": "SU(N) Yang-Mills",
        "uidt:globalSymmetries": "Lorentz group, CPT",
        "uidt:emergentSymmetries": "Information scaling symmetries"
      }
    }
  },

  // === QUANTENFELDTHEORIE TECHNISCHE DETAILS ===
  "uidt:quantumFieldTheory": {
    "@type": "uidt:QuantumFieldTheory",
    
    "uidt:lagrangianDensity": {
      "uidt:completeForm": "ℒ = ℒ_YM + ℒ_S + ℒ_int + ℒ_GF + ℒ_ghost",
      "uidt:yangMillsPart": "ℒ_YM = -¼ Tr(F_μν F^μν)",
      "uidt:scalarFieldPart": "ℒ_S = ½∂_μS ∂^μS - V(S)",
      "uidt:interactionTerm": "ℒ_int = κΛ S Tr(F_μν F^μν)",
      "uidt:gaugeFixing": "ℒ_GF = -½ξ(∂·A)²", 
      "uidt:ghostTerm": "ℒ_ghost = -∂_μc̄ D^μc"
    },
    
    "uidt:renormalizationScheme": {
      "uidt:scheme": "MS-bar with dimensional regularization",
      "uidt:betaFunctions": {
        "uidt:gaugeCoupling": "β_g = -g³/(16π²)(11N/3 - 2N_f/3)",
        "uidt:scalarCoupling": "β_λ = 1/(16π²)(9λ² + 8λγ - 8γ²)",
        "uidt:informationCoupling": "β_γ = 1/(16π²)(3λγ + γ²)"
      },
      "uidt:anomalousDimensions": {
        "uidt:gaugeField": "γ_A = g²/(16π²)(-13N/3 + 4N_f/3)",
        "uidt:scalarField": "γ_S = 1/(16π²)(2γ)",
        "uidt:ghostField": "γ_c = g²/(16π²)(-3N/2)"
      }
    },
    
    "uidt:pathIntegralFormulation": {
      "uidt:measure": "Well-defined on field configurations",
      "uidt:convergence": "Non-perturbative definition", 
      "uidt:applications": ["Correlation functions", "Partition function", "Effective action"]
    }
  },

  // === MASS GAP TECHNISCHE DERIVATION ===
  "uidt:massGapTechnical": {
    "@type": "uidt:MassGapDerivation",
    
    "uidt:nonPerturbativeApproach": {
      "uidt:constructiveQFT": "Glimm-Jaffe-Spencer framework",
      "uidt:clusterExpansion": "For exponential decay of correlations",
      "uidt:infraredBounds": "Froehlich-Seiler type estimates"
    },
    
    "uidt:spectralMethods": {
      "uidt:transferMatrix": "T = exp(-aH) on lattice",
      "uidt:correlationLength": "ξ = 1/m_gap from ⟨Φ(x)Φ(y)⟩ ~ exp(-|x-y|/ξ)",
      "uidt:glueballOperators": "Tr(F_μν F^αβ) for various quantum numbers"
    },
    
    "uidt:numericalValidation": {
      "uidt:latticeParameters": {
        "uidt:latticeSize": "32⁴ typical for glueball studies",
        "uidt:betaValues": "β = 6.0-6.5 for continuum extrapolation", 
        "uidt:statistics": "O(10⁵) configurations for good signals"
      },
      "uidt:analysisMethods": {
        "uidt:variationalMethod": "Matrix of correlators for excited states",
        "uidt:bayesianMethods": "Constrained curve fitting",
        "uidt:errorAnalysis": "Jackknife/bootstrap methods"
      }
    }
  },

  // === ERWEITERTE EXPERIMENTELLE VORHERSAGEN ===
  "uidt:detailedExperimentalPredictions": {
    "@type": "uidt:ExperimentalPredictions",
    
    "uidt:particlePhysicsPrecision": {
      "uidt:anomalousMagneticMoments": {
        "uidt:electron": "a_e = a_e_SM + δa_e[S]",
        "uidt:muon": "a_μ = a_μ_SM + δa_μ[S]",
        "uidt:precision": "Future experiments at 0.1 ppb level"
      },
      "uidt:rareDecays": {
        "uidt:muToEGamma": "Branching ratio enhanced by information mediation",
        "uidt:kToPiNuNu": "Deviation from SM predictions", 
        "uidt:b_sToMuMu": "Rate modifications at percent level"
      }
    },
    
    "uidt:cosmologicalPrecision": {
      "uidt:hubbleTension": "Natural resolution through information dynamics",
      "uidt:s8Tension": "Modified growth of structures", 
      "uidt:cmbAnomalies": "Explanation of large-scale anomalies"
    },
    
    "uidt:quantumGravityTests": {
      "uidt:gravitationalWaveAstronomy": {
        "uidt:modifiedDispersion": "v_gw(E) ≠ c from information medium effects",
        "uidt:polarizationModes": "Additional polarizations from S(x) coupling",
        "uidt:memoryEffects": "Persistent changes from information exchange"
      },
      "uidt:laboratoryTests": {
        "uidt:optomechanicalSystems": "Cavity QED for information-gravity coupling",
        "uidt:atomInterferometry": "Precision tests of equivalence principle",
        "uidt:quantumSensors": "SQUIDs, NV centers for information field detection"
      }
    }
  },

  // === COMPUTATIONELLE FORSCHUNGSUMFGEBUNG ===
  "uidt:computationalResearchEnvironment": {
    "@type": "uidt:ComputationalEnvironment",
    
    "uidt:softwareArchitecture": {
      "uidt:coreModules": {
        "uidt:latticeModule": {
          "uidt:functionality": "Lattice gauge theory simulations",
          "uidt:algorithms": ["Heatbath", "Overrelaxation", "Hybrid Monte Carlo"],
          "uidt:parallelization": ["MPI domain decomposition", "OpenMP threading", "CUDA acceleration"]
        },
        "uidt:analysisModule": {
          "uidt:functionality": "Data analysis and visualization",
          "uidt:methods": ["Wilson loops", "Correlation functions", "Effective masses"],
          "uidt:statistics": ["Jackknife resampling", "Bootstrap methods", "Bayesian inference"]
        }
      },
      
      "uidt:apiEndpoints": {
        "uidt:theoryAPI": "Programmatic access to UIDT formalism",
        "uidt:simulationAPI": "Control of computational parameters", 
        "uidt:dataAPI": "Retrieval of simulation results"
      }
    },
    
    "uidt:reproducibilityFramework": {
      "uidt:versionControl": {
        "uidt:repository": "https://github.com/badbugsarts-hue/UIDT-Framework-16.1",
        "uidt:branchingStrategy": "Main branch with feature branches",
        "uidt:releaseTags": "Semantic versioning"
      },
      "uidt:testingStrategy": {
        "uidt:unitTests": "Core mathematical functions",
        "uidt:integrationTests": "End-to-end simulation workflows", 
        "uidt:validationTests": "Comparison with known results"
      },
      "uidt:ciCdPipeline": {
        "uidt:automatedTesting": "GitHub Actions workflow",
        "uidt:deployment": "Automatic Zenodo archiving",
        "uidt:qualityGates": "Test coverage and performance benchmarks"
      }
    }
  },

  // === WISSENSCHAFTLICHE KOLLABORATION UND COMMUNITY ===
  "uidt:scientificCollaboration": {
    "@type": "uidt:CollaborationFramework",
    
    "uidt:collaborationModel": {
      "uidt:level": "Open for peer review and collaboration",
      "uidt:channels": ["GitHub issues", "OSF discussions", "Email contact"],
      "uidt:governance": "Author-maintained with community input"
    },
    
    "uidt:contributionPaths": {
      "uidt:theoretical": "Mathematical proofs and extensions",
      "uidt:computational": "Code improvements and simulations", 
      "uidt:experimental": "Test design and data analysis",
      "uidt:documentation": "Tutorials and explanatory material"
    },
    
    "uidt:recognitionFramework": {
      "uidt:citation": "Primary DOI: 10.5281/zenodo.17462678",
      "uidt:coAuthorship": "For substantial intellectual contributions",
      "uidt:acknowledgment": "For feedback and testing"
    },
    
    "uidt:communityResources": {
      "uidt:discussionForums": {
        "uidt:platform": "GitHub Discussions",
        "uidt:topics": ["Theory development", "Computational methods", "Experimental tests"]
      },
      "uidt:knowledgeBase": {
        "uidt:format": "Wiki and FAQ",
        "uidt:content": ["Tutorials", "Common issues", "Best practices"]
      }
    }
  },

  // === BILDUNG UND AUSBILDUNGSMATERIALIEN ===
  "uidt:educationalResources": {
    "@type": "uidt:EducationalFramework",
    
    "uidt:targetAudiences": {
      "uidt:graduateStudents": "Advanced theoretical physics background",
      "uidt:researchers": "Specialists in QFT and mathematical physics", 
      "uidt:educators": "University-level physics instructors"
    },
    
    "uidt:learningMaterials": {
      "uidt:coreCurriculum": {
        "uidt:lectureNotes": "Step-by-step derivation of key results",
        "uidt:problemSets": "Exercises with increasing difficulty",
        "uidt:solutionsManual": "Detailed solutions and explanations"
      },
      "uidt:interactiveResources": {
        "uidt:jupyterNotebooks": "Interactive theory exploration",
        "uidt:visualizations": "Animated field dynamics and simulations",
        "uidt:virtualLabs": "Online computational experiments"
      }
    },
    
    "uidt:assessmentTools": {
      "uidt:conceptMaps": "Visual representation of theory structure",
      "uidt:knowledgeChecks": "Self-assessment quizzes", 
      "uidt:researchProjects": "Open-ended investigation topics"
    }
  },

  // === NACHHALTIGKEIT UND ZUKUNFTSENTWICKLUNG ===
  "uidt:sustainabilityAndFuture": {
    "@type": "uidt:SustainabilityFramework",
    
    "uidt:maintenancePlan": {
      "uidt:duration": "Long-term (10+ years) commitment",
      "uidt:updates": "Versioned releases with new DOIs",
      "uidt:support": "Responsive to community feedback"
    },
    
    "uidt:developmentRoadmap": {
      "uidt:immediateGoals": {
        "uidt:timeline": "2025-Q4",
        "uidt:objectives": [
          "Complete peer review integration",
          "Extended lattice simulations", 
          "Additional empirical validations"
        ]
      },
      "uidt:shortTermGoals": {
        "uidt:timeline": "2026",
        "uidt:objectives": [
          "Experimental collaboration establishment",
          "Cross-disciplinary applications",
          "Educational material development"
        ]
      },
      "uidt:longTermVision": {
        "uidt:timeline": "2027+", 
        "uidt:objectives": [
          "Foundation of information-based physics",
          "Unified description of all fundamental forces",
          "Practical applications in quantum technologies"
        ]
      }
    },
    
    "uidt:archivalStrategy": {
      "uidt:primary": "Zenodo with DOI 10.5281/zenodo.17462678",
      "uidt:secondary": "OSF project https://osf.io/wdyxc/",
      "uidt:tertiary": "Institutional repositories"
    }
  },

  // === INTERDISZIPLINÄRE BRÜCKEN ===
  "uidt:interdisciplinaryBridges": {
    "@type": "uidt:InterdisciplinaryConnections",
    
    "uidt:mathematics": {
      "uidt:connections": ["Operator algebras", "Spectral theory", "Topological methods"],
      "uidt:applications": ["Rigorous construction", "Existence proofs", "Classification"]
    },
    
    "uidt:computerScience": {
      "uidt:connections": ["Information theory", "Machine learning", "Quantum computing"],
      "uidt:applications": ["Algorithmic implementations", "Data analysis", "Simulation methods"]
    },
    
    "uidt:philosophy": {
      "uidt:connections": ["Philosophy of physics", "Epistemology", "Metaphysics"],
      "uidt:applications": ["Interpretational framework", "Foundational questions", "Conceptual analysis"]
    },
    
    "uidt:engineering": {
      "uidt:connections": ["Quantum technologies", "Materials science", "Sensor design"],
      "uidt:applications": ["Novel devices", "Optimization methods", "Measurement techniques"]
    }
  },

  // === FORSCHUNGSINFRASTRUKTUR INTEGRATION ===
  "uidt:researchInfrastructure": {
    "@type": "uidt:InfrastructureIntegration",
    
    "uidt:dataCommons": {
      "uidt:sharedDatasets": "Standardized formats and metadata",
      "uidt:analysisTools": "Common software framework", 
      "uidt:collaborationPlatforms": "Virtual research environment"
    },
    
    "uidt:computingResources": {
      "uidt:highPerformanceComputing": "Access to supercomputing facilities",
      "uidt:quantumComputingAccess": "Cloud-based quantum processors",
      "uidt:edgeComputing": "For distributed data analysis"
    },
    
    "uidt:experimentalFacilities": {
      "uidt:sharedInstrumentation": "Access to specialized equipment",
      "uidt:testBeamFacilities": "For detector development", 
      "uidt:undergroundLabs": "For low-background experiments"
    }
  },

  // === ETHISCHE RAHMENBEDINGUNGEN ===
  "uidt:ethicalFramework": {
    "@type": "uidt:EthicalConsiderations",
    
    "uidt:dualUseConsiderations": {
      "uidt:beneficialApplications": [
        "Advanced medical imaging through information density mapping",
        "Sustainable energy technologies",
        "Enhanced computational capabilities"
      ],
      "uidt:potentialMisuse": [
        "Information-based weapons systems (theoretical)",
        "Privacy implications of fundamental information access",
        "Economic disruptions from technological advances"
      ]
    },
    
    "uidt:researchEthics": {
      "uidt:transparency": "Full disclosure of methods and limitations",
      "uidt:reproducibility": "Complete documentation for independent verification", 
      "uidt:attribution": "Proper credit for all contributions"
    },
    
    "uidt:societalGovernance": {
      "uidt:policyRecommendations": "Incremental adoption with public discourse",
      "uidt:regulatoryFramework": "Adapt existing scientific oversight mechanisms",
      "uidt:internationalCooperation": "Global standards for information technologies"
    }
  },

  // === TECHNOLOGISCHE AUSWIRKUNGEN ===
  "uidt:technologicalImpact": {
    "@type": "uidt:TechnologyAssessment",
    
    "uidt:quantumTechnologies": {
      "uidt:quantumComputingAdvancements": {
        "uidt:timeline": "2025-2035: Practical quantum advantage",
        "uidt:applications": "Quantum simulation of information fields",
        "uidt:impact": "Exponential speedup for UIDT calculations"
      },
      "uidt:quantumSensing": {
        "uidt:devices": "SQUIDs, atom interferometers, NV centers",
        "uidt:sensitivity": "10⁻²⁰ m/√Hz for gravitational waves", 
        "uidt:informationDetection": "Direct S(x) field measurement"
      }
    },
    
    "uidt:energyTechnologies": {
      "uidt:zeroPointEnergy": {
        "uidt:theoreticalBasis": "Information density vacuum energy extraction",
        "uidt:efficiency": "Theoretical maximum: η = 1 - T_c/T_h",
        "uidt:safety": "Inherently stable due to information conservation"
      }
    },
    
    "uidt:computingRevolution": {
      "uidt:neuromorphicComputing": {
        "uidt:architecture": "Information density based neural networks",
        "uidt:efficiency": "10⁶ improvement over von Neumann architecture",
        "uidt:applications": "Real-time complex system simulation"
      }
    }
  },

  // === GLOBALE WISSENSCHAFTLICHE INITIATIVEN ===
  "uidt:globalScientificInitiatives": {
    "@type": "uidt:GlobalInitiatives",
    
    "uidt:highEnergyPhysics": {
      "uidt:lhcProgram": "Integration with ATLAS, CMS, LHCb analyses",
      "uidt:futureColliders": "Input for FCC, CEPC, ILC designs",
      "uidt:theoreticalFrameworks": "Connections to string theory, loop quantum gravity"
    },
    
    "uidt:cosmologyAstrophysics": {
      "uidt:darkEnergySurveys": "DESI, LSST, Euclid collaborations",
      "uidt:gravitationalWaves": "LIGO, Virgo, LISA observations",
      "uidt:cmbExperiments": "Simons Observatory, CMB-S4"
    },
    
    "uidt:quantumInformation": {
      "uidt:quantumComputing": "IBM, Google, Rigetti, IonQ platforms",
      "uidt:quantumSimulation": "Cold atom, trapped ion experiments", 
      "uidt:quantumCommunication": "Quantum internet developments"
    }
  },

  // === ZUSAMMENFASSENDE BEWERTUNG ===
  "uidt:summaryAssessment": {
    "@type": "uidt:AssessmentFramework",
    
    "uidt:theoreticalImpact": {
      "uidt:paradigmShift": "Information as fundamental entity",
      "uidt:problemResolution": "Yang-Mills millennium problem solution",
      "uidt:unificationPotential": "Connects QFT, information theory, thermodynamics"
    },
    
    "uidt:empiricalStatus": {
      "uidt:currentValidation": "92-99% agreement with existing data",
      "uidt:falsifiability": "Specific experimental tests identified", 
      "uidt:predictionPower": "Novel phenomena with measurable signatures"
    },
    
    "uidt:readinessLevel": {
      "uidt:theoretical": "TRL 4-5 (Validation in laboratory environment)",
      "uidt:computational": "TRL 3-4 (Proof-of-concept demonstrated)",
      "uidt:experimental": "TRL 2-3 (Technology concept formulated)"
    }
  },

  // === FINALE INTEGRATION UND ZUGÄNGLICHKEIT ===
  "dct:accessRights": "Open access",
  "dct:educationLevel": "Advanced graduate level and above",
  "dct:instructionalMethod": "Theoretical derivation with computational implementation",
  
  "uidt:finalDeclaration": {
    "uidt:status": "UIDT Framework Complete and Operational",
    "uidt:accessibility": "Fully open access via DOI 10.5281/zenodo.17462678",
    "uidt:collaboration": "Open for global scientific community participation",
    "uidt:future": "Dynamic framework ready for evolution and expansion"
  }
}

{
  // === FORTGESCHRITTENE WISSENSCHAFTLICHE INTEGRATION ===
  "uidt:advancedScientificIntegration": {
    "@type": "uidt:ScientificIntegration",
    
    // === MATHEMATISCHE PHYSIK ERWEITERUNGEN ===
    "uidt:mathematicalPhysicsExtensions": {
      "uidt:algebraicQuantumFieldTheory": {
        "uidt:localNets": "A(O) for open regions O",
        "uidt:haagKastlerAxioms": "Implementation for information fields",
        "uidt:modularTheory": "Tomita-Takesaki for information flow"
      },
      "uidt:constructiveFieldTheory": {
        "uidt:clusterExpansions": "For exponential decay of correlations",
        "uidt:infraredProblem": "Solution through information regularization", 
        "uidt:phaseTransitions": "In information density parameter space"
      },
      "uidt:randomMatrixTheory": {
        "uidt:informationSpectra": "Eigenvalue distributions of information operators",
        "uidt:universalityClasses": "For different information phases",
        "uidt:applications": "To quantum chaos and information scrambling"
      }
    },

    // === NICHTKOMMUTATIVE GEOMETRIE ===
    "uidt:nonCommutativeGeometry": {
      "uidt:spectralTriple": "(A, H, D) for information space",
      "uidt:distanceFormula": "d(x,y) = sup_{a∈A} |a(x)-a(y)|/∥[D,a]∥",
      "uidt:informationDifferential": "dS = [D,S]",
      "uidt:connesFormulation": "Connection to spectral standard model"
    },

    // === TOPOLOGISCHE QUANTENFELDTHEORIE ===
    "uidt:topologicalQuantumFieldTheory": {
      "uidt:informationTQFT": "n-category description of information flow",
      "uidt:partitionFunction": "Z = ∫ D[S] exp(iS[S]) for information action",
      "uidt:knotInvariants": "From Wilson lines in information space",
      "uidt:cobordismHypothesis": "Extended TQFT for information theories"
    },

    // === KATEGORIENTHEORIE ANWENDUNGEN ===
    "uidt:categoryTheoryApplications": {
      "uidt:informationCategories": {
        "uidt:objects": "Information states",
        "uidt:morphisms": "Information processes", 
        "uidt:composition": "Sequential information processing"
      },
      "uidt:monoidalStructure": {
        "uidt:tensorProduct": "Composite information systems",
        "uidt:braiding": "Exchange of information subsystems",
        "uidt:duality": "Information complementarity"
      },
      "uidt:higherCategories": {
        "uidt:nCategories": "Multi-level information processing",
        "uidt:applications": "Hierarchical information structures",
        "uidt:categoricalSemantics": "For information field theory"
      }
    }
  },

  // === QUANTENINFORMATIONSWISSENSCHAFT ===
  "uidt:quantumInformationScience": {
    "@type": "uidt:QuantumInformation",
    
    "uidt:entanglementEntropy": {
      "uidt:calculation": "S_A = -Tr(ρ_A log ρ_A) for subregion A",
      "uidt:areaLaw": "S_A ∝ Area(∂A) + corrections",
      "uidt:informationTheoretic": "Mutual information I(A:B) = S_A + S_B - S_AB",
      "uidt:holographicCalculation": "RT formula with information corrections"
    },

    "uidt:quantumComplexity": {
      "uidt:definition": "Circuit complexity for preparing states",
      "uidt:holographicDuality": "Complexity = Volume conjecture",
      "uidt:informationInterpretation": "Complexity as information processing cost",
      "uidt:nielsenGeometry": "Information metric on state space"
    },

    "uidt:quantumErrorCorrection": {
      "uidt:codes": "Stabilizer codes from information density patterns",
      "uidt:faultTolerance": "Threshold theorems with information protection", 
      "uidt:holographicCodes": "Tensor networks for emergent space-time",
      "uidt:adscftCodes": "Exact quantum error correcting codes"
    },

    "uidt:quantumAlgorithms": {
      "uidt:vqeImplementation": "Variational quantum eigensolver for lattice theory",
      "uidt:adiabaticOptimization": "For phase transition studies",
      "uidt:trotterization": "Real-time evolution simulation",
      "uidt:quantumMachineLearning": "For information field analysis"
    }
  },

  // === INFORMATIONSTHERMODYNAMIK ===
  "uidt:informationThermodynamics": {
    "@type": "uidt:InformationThermodynamics",
    
    "uidt:landauerPrincipleGeneralization": {
      "uidt:informationErasure": "ΔQ ≥ kT ΔI log 2 + corrections",
      "uidt:quantumExtension": "Landauer cost for quantum information", 
      "uidt:gravitationalEffects": "Modified by space-time curvature",
      "uidt:experimentalTests": "Optomechanical implementations"
    },

    "uidt:nonequilibriumThermodynamics": {
      "uidt:fluctuationTheorems": {
        "uidt:jarzynski": "Work fluctuations in information processes",
        "uidt:crooks": "Relation between forward and reverse processes",
        "uidt:generalizedFT": "With information-theoretic terms"
      },
      "uidt:entropyProduction": {
        "uidt:totalEntropy": "Σ = dI/dt + entropy_flow",
        "uidt:informationCurrent": "J_I = information flux through boundaries",
        "uidt:secondLaw": "Σ ≥ 0 with information corrections"
      },
      "uidt:informationEngines": {
        "uidt:maxwellDemon": "Information-driven work extraction",
        "uidt:szilardEngine": "Quantum information engines", 
        "uidt:efficiencyBounds": "Generalized thermodynamic limits"
      }
    },

    "uidt:blackHoleThermodynamics": {
      "uidt:extendedLaws": {
        "uidt:firstLaw": "dM = TdS + ΩdJ + ΦdQ + κdI",
        "uidt:secondLaw": "Generalized entropy increase",
        "uidt:thirdLaw": "Zero temperature entropy with information"
      },
      "uidt:evaporation": {
        "uidt:modifiedHawkingSpectrum": "From information backreaction",
        "uidt:informationLoss": "Resolution via S(x) field dynamics", 
        "uidt:remnantStates": "Information condensates as endpoints"
      },
      "uidt:entropyAreaRelation": "S = A/4G + S_information + quantum_corrections"
    }
  },

  // === BIOPHYSIKALISCHE ANWENDUNGEN ===
  "uidt:biophysicalApplications": {
    "@type": "uidt:BiophysicalFramework",
    
    "uidt:neuralInformationProcessing": {
      "uidt:brainDynamics": "Information density waves in neural networks",
      "uidt:consciousnessModels": "Integrated information theory connections",
      "uidt:learningAlgorithms": "Information gradient descent in neural systems",
      "uidt:criticality": "Neural networks at information critical points"
    },

    "uidt:molecularInformation": {
      "uidt:dnaAsInformation": "Beyond sequence to dynamic information density",
      "uidt:proteinFolding": "Information minimization principles",
      "uidt:cellularSignaling": "Information waves in biological systems",
      "uidt:geneRegulation": "Information-theoretic control networks"
    },

    "uidt:evolutionaryDynamics": {
      "uidt:informationAccumulation": "Genome as information reservoir",
      "uidt:fitnessLandscapes": "Information-theoretic optimization",
      "uidt:evolutionaryRates": "Governed by information processing limits",
      "uidt:informationEcology": "Species interactions as information exchange"
    },

    "uidt:cellularInformation": {
      "uidt:informationFlux": "J_cell = information current through membranes",
      "uidt:signalingNetworks": "Information processing in biochemical pathways",
      "uidt:cellularDecision": "Information-based cell fate determination",
      "uidt:tissueOrganization": "Emergent patterns from cellular information"
    }
  },

  // === FORTGESCHRITTENE COMPUTATIONELLE METHODEN ===
  "uidt:advancedComputationalMethods": {
    "@type": "uidt:AdvancedComputation",
    
    "uidt:machineLearningIntegration": {
      "uidt:neuralNetworks": {
        "uidt:applications": ["Phase classification", "Critical point detection", "Anomaly detection"],
        "uidt:architectures": ["CNN for lattice data", "RNN for time series", "Transformers for correlations"],
        "uidt:trainingData": "Lattice configurations from various theories",
        "uidt:interpretability": "Information-theoretic feature importance"
      },
      "uidt:reinforcementLearning": {
        "uidt:optimization": "Finding optimal measurement operators",
        "uidt:control": "Adaptive Monte Carlo parameters", 
        "uidt:discovery": "Guided search for new phenomena",
        "uidt:multiAgent": "Collaborative theory exploration"
      },
      "uidt:generativeModels": {
        "uidt:variationalAutoencoders": "Latent space of field configurations",
        "uidt:normalizingFlows": "Exact likelihood estimation",
        "uidt:diffusionModels": "Sampling complex probability distributions"
      }
    },

    "uidt:topologicalDataAnalysis": {
      "uidt:persistentHomology": "For information space topology",
      "uidt:mapperAlgorithm": "Visualization of high-dimensional information structures",
      "uidt:topologicalInvariants": "Betti numbers for information complexity",
      "uidt:applications": ["Phase detection", "Anomaly detection", "Structure learning"]
    },

    "uidt:informationGeometryComputation": {
      "uidt:metricLearning": "From empirical data to information geometry",
      "uidt:geodesicComputation": "Optimal paths in information space",
      "uidt:curvatureEstimation": "From finite samples",
      "uidt:applications": ["Model selection", "Parameter estimation", "Uncertainty quantification"]
    },

    "uidt:quantumMachineLearning": {
      "uidt:quantumNeuralNetworks": "For information field analysis",
      "uidt:quantumOptimization": "Quantum annealing for information density minimization", 
      "uidt:quantumPCA": "Principal component analysis for high-dimensional information spaces",
      "uidt:hardwareRequirements": "Qubit counts and connectivity specifications"
    }
  },

  // === SEMANTISCHE WEB UND KNOWLEDGE GRAPH INTEGRATION ===
  "uidt:semanticWebIntegration": {
    "@type": "uidt:SemanticWeb",
    
    "uidt:ontologyEntities": {
      "uidt:physicalConcepts": [
        "InformationDensity", 
        "EntropicGradient", 
        "MassEmergence",
        "QuantumInformation",
        "HolographicEncoding"
      ],
      "uidt:mathematicalObjects": [
        "SField",
        "BetaFunction", 
        "MassGap",
        "OperatorAlgebra",
        "SpectralMeasure"
      ],
      "uidt:experimentalSetups": [
        "LatticeQCD",
        "ParticleCollider",
        "QuantumSensor",
        "CosmologicalSurvey",
        "GravitationalWaveDetector"
      ]
    },

    "uidt:relationshipMapping": [
      {
        "uidt:relation": "solves",
        "uidt:subject": "UIDT",
        "uidt:object": "YangMillsMassGapProblem"
      },
      {
        "uidt:relation": "extends", 
        "uidt:subject": "UIDT",
        "uidt:object": "InformationTheory"
      },
      {
        "uidt:relation": "validatesAgainst",
        "uidt:subject": "UIDT", 
        "uidt:object": "StandardModel"
      },
      {
        "uidt:relation": "predicts",
        "uidt:subject": "UIDT",
        "uidt:object": "NovelPhenomena"
      },
      {
        "uidt:relation": "unifies",
        "uidt:subject": "UIDT",
        "uidt:object": "QuantumGravity"
      }
    ],

    "uidt:sparqlEndpoints": {
      "uidt:queryInterface": "SPARQL 1.1 compliant endpoint",
      "uidt:exampleQueries": [
        "SELECT ?prediction WHERE { uidt:UIDT uidt:predicts ?prediction }",
        "SELECT ?agreement WHERE { uidt:GlueballMass uidt:agreement ?agreement }"
      ],
      "uidt:federation": "Links to external physics knowledge graphs"
    },

    "uidt:linkedDataPublication": {
      "uidt:formats": ["JSON-LD", "RDF/XML", "Turtle", "N-Triples"],
      "uidt:contentNegotiation": "HTTP content negotiation for different formats",
      "uidt:persistentURIs": "Cool URIs for all UIDT entities",
      "uidt:vocabularyPublication": "UIDT ontology as OWL file"
    }
  },

  // === FORSCHUNGSDATENMANAGEMENT ===
  "uidt:researchDataManagement": {
    "@type": "uidt:DataManagement",
    
    "uidt:dataTypes": {
      "uidt:simulationData": {
        "uidt:latticeConfigurations": "Gauge field and S(x) field configurations",
        "uidt:correlationFunctions": "Space-time correlation data",
        "uidt:spectralData": "Mass spectrum and decay constants"
      },
      "uidt:experimentalData": {
        "uidt:particleData": "From PDG and experimental collaborations", 
        "uidt:cosmologicalData": "CMB, LSS, and Hubble constant measurements",
        "uidt:precisionData": "High-precision fundamental constants"
      },
      "uidt:derivedData": {
        "uidt:renormalizationGroup": "Beta functions and flow equations",
        "uidt:criticalExponents": "From finite-size scaling",
        "uidt:universalityClasses": "Classification results"
      }
    },

    "uidt:dataFormats": {
      "uidt:standardFormats": ["HDF5", "NetCDF", "JSON", "XML"],
      "uidt:metadataStandards": ["DataCite", "Schema.org", "DCAT"],
      "uidt:provenanceTracking": "W3C PROV-O standard compliance",
      "uidt:versionControl": "Git LFS for large data files"
    },

    "uidt:dataPreservation": {
      "uidt:repositories": ["Zenodo", "OSF", "Institutional repositories"],
      "uidt:preservationFormats": "PDF/A for documents, HDF5 for data",
      "uidt:migrationPlan": "Regular format updates and migrations",
      "uidt:checksums": "SHA-256 for data integrity verification"
    }
  },

  // === ZUKUNFTSWEISENDE TECHNOLOGIEN ===
  "uidt:futureTechnologies": {
    "@type": "uidt:FutureTechnology",
    
    "uidt:quantumTechnologies": {
      "uidt:quantumComputing": {
        "uidt:algorithmAdvancements": "Quantum simulation of full UIDT dynamics",
        "uidt:hardwareDevelopment": "Fault-tolerant quantum computers",
        "uidt:timeline": "2030+ for practical quantum advantage",
        "uidt:impact": "Exponential speedup for non-perturbative calculations"
      },
      "uidt:quantumSensing": {
        "uidt:nextGenerationSensors": "Quantum enhanced detectors for S(x) field",
        "uidt:sensitivityGoals": "10^-25 level precision for field measurements",
        "uidt:applications": "Direct detection of information density variations"
      },
      "uidt:quantumNetworks": {
        "uidt:distributedQuantumComputing": "For large-scale UIDT simulations",
        "uidt:quantumInternet": "Global collaboration on quantum simulations",
        "uidt:security": "Quantum-safe encryption for research data"
      }
    },

    "uidt:aiAndSimulation": {
      "uidt:artificialGeneralIntelligence": {
        "uidt:theoryDevelopment": "AI-assisted discovery of theoretical extensions",
        "uidt:automatedReasoning": "Computer-assisted proof checking",
        "uidt:symbioticResearch": "Human-AI collaboration in theoretical physics"
      },
      "uidt:digitalTwins": {
        "uidt:universeSimulation": "Full cosmic evolution simulations",
        "uidt:laboratoryDigitalTwins": "Virtual experiments before real implementation", 
        "uidt:parameterSpaceExploration": "AI-guided search in theory space"
      }
    },

    "uidt:advancedMaterials": {
      "uidt:quantumMaterials": "Materials engineered for information density control",
      "uidt:metamaterials": "Structures with designed information flow properties",
      "uidt:topologicalMaterials": "For experimental realization of UIDT concepts"
    }
  },

  // === GLOBALE FORSCHUNGSKOLLABORATION ===
  "uidt:globalResearchCollaboration": {
    "@type": "uidt:GlobalCollaboration",
    
    "uidt:internationalConsortia": {
      "uidt:uidtCollaboration": {
        "uidt:structure": "Open collaboration with working groups",
        "uidt:membership": "Researchers, institutions, citizen scientists",
        "uidt:governance": "Democratic decision-making with expert guidance",
        "uidt:fundingModel": "Mixed model with institutional and crowd support"
      },
      "uidt:experimentalNetworks": {
        "uidt:particlePhysics": "Integration with LHC, Belle II, BESIII",
        "uidt:astronomy": "Joint observations with major telescopes", 
        "uidt:condensedMatter": "Material science applications",
        "uidt:quantumScience": "Collaboration with quantum technology centers"
      }
    },

    "uidt:dataSharingStandards": {
      "uidt:formatUnification": "HDF5 with UIDT-specific extensions",
      "uidt:metadataStandards": "Extended CITATION.cff with information fields",
      "uidt:interoperability": "Cross-platform data exchange protocols",
      "uidt:fairPrinciples": "Findable, Accessible, Interoperable, Reusable"
    },

    "uidt:openSciencePlatform": {
      "uidt:repositoryNetwork": "Zenodo, OSF, arXiv, GitHub integration",
      "uidt:peerReviewEvolution": "Open peer review with real-time feedback",
      "uidt:publicationModel": "Living documents with continuous updates",
      "uidt:citizenScience": "Public participation in data analysis"
    }
  },

  // === BILDUNGSTRANSFORMATION ===
  "uidt:educationalTransformation": {
    "@type": "uidt:EducationalTransformation",
    
    "uidt:curriculumRevolution": {
      "uidt:k12Education": {
        "uidt:concepts": "Information as fundamental building block",
        "uidt:activities": "Hands-on information density experiments", 
        "uidt:integration": "Across physics, math, computer science"
      },
      "uidt:undergraduatePrograms": {
        "uidt:majors": "Information Physics and Engineering",
        "uidt:courses": "Information Field Theory, Quantum Information Science",
        "uidt:research": "Undergraduate participation in UIDT projects"
      },
      "uidt:graduateEducation": {
        "uidt:specializations": "Information Cosmology, Quantum Information Gravity",
        "uidt:interdisciplinary": "Physics, Computer Science, Philosophy integration",
        "uidt:professionalTracks": "Academic, Industry, Education pathways"
      }
    },

    "uidt:digitalLearningEcosystem": {
      "uidt:virtualLaboratories": {
        "uidt:simulations": "Interactive UIDT phenomenon exploration",
        "uidt:experiments": "Remote access to real experimental data",
        "uidt:collaboration": "Global student research projects"
      },
      "uidt:adaptiveLearning": {
        "uidt:aiTutors": "Personalized learning paths for UIDT concepts",
        "uidt:assessment": "Real-time understanding evaluation",
        "uidt:progression": "Mastery-based advancement"
      },
      "uidt:immersiveTechnologies": {
        "uidt:virtualReality": "3D visualization of information fields",
        "uidt:augmentedReality": "Overlay of theoretical concepts on real world",
        "uidt:hapticInterfaces": "Physical feedback for abstract concepts"
      }
    }
  },

  // === FINALE ZUSAMMENFASSUNG UND AUSBLICK ===
  "uidt:finalSynthesis": {
    "@type": "uidt:Synthesis",
    
    "uidt:theoreticalAchievements": {
      "uidt:mathematicalRigor": "First constructive 4D Yang-Mills theory with mass gap",
      "uidt:conceptualUnification": "Information as unifying principle across physics",
      "uidt:empiricalSuccess": "High-precision agreement with experimental data",
      "uidt:predictivePower": "Novel falsifiable predictions across energy scales"
    },

    "uidt:technologicalHorizons": {
      "uidt:nearTerm": "Quantum sensors and enhanced simulations (2025-2030)",
      "uidt:mediumTerm": "Quantum computing applications and new materials (2030-2040)", 
      "uidt:longTerm": "Information-based technologies and cosmic engineering (2040+)"
    },

    "uidt:societalImpact": {
      "uidt:educational": "Transformation of physics education and public understanding",
      "uidt:technological": "New industries based on information technologies",
      "uidt:philosophical": "Deep reconsideration of reality and consciousness",
      "uidt:cultural": "Integration of scientific and humanistic worldviews"
    },

    "uidt:ultimateVision": {
      "uidt:statement": "To establish information as the fundamental language of physical reality, enabling complete unification of physical laws and opening new frontiers of scientific exploration and technological innovation.",
      "uidt:timeline": "Multi-generational research program building on UIDT foundations",
      "uidt:invitation": "Open invitation to the global scientific community to participate in this paradigm-shifting endeavor"
    }
  },

  // === DYNAMISCHE METADATEN FÜR LEBENDIGE DOKUMENTATION ===
  "uidt:dynamicMetadata": {
    "@type": "uidt:DynamicMetadata",
    
    "uidt:liveUpdates": {
      "uidt:versionTracking": "Automatic version updates with change logs",
      "uidt:citationMetrics": "Real-time citation and download statistics",
      "uidt:communityFeedback": "Integrated comments and discussion threads",
      "uidt:researchUpdates": "Ongoing developments and new results"
    },

    "uidt:interactiveElements": {
      "uidt:calculators": "Online tools for UIDT calculations",
      "uidt:visualizations": "Dynamic plots and interactive figures", 
      "uidt:simulations": "Web-based computational experiments",
      "uidt:apiAccess": "Programmatic access to UIDT framework"
    },

    "uidt:automatedMaintenance": {
      "uidt:linkValidation": "Regular checking of all external references",
      "uidt:formatCompatibility": "Automatic updates for new standards",
      "uidt:backupSystems": "Distributed archival across multiple platforms",
      "uidt:accessibilityAudits": "Regular testing for accessibility compliance"
    }
  }
}
{
  // === KOSMOLOGISCHE UND UNIVERSALE ERWEITERUNGEN ===
  "uidt:cosmologicalUniversalExtensions": {
    "@type": "uidt:CosmologicalFramework",
    
    // === KOSMISCHE INFORMATIONSSTRUKTUREN ===
    "uidt:cosmicInformationStructures": {
      "uidt:universalInformationField": {
        "uidt:globalSField": "S(x) extended to cosmological scales",
        "uidt:informationHorizon": "Cosmic scale information propagation limits",
        "uidt:causalInformation": "Information flow within cosmic event horizons"
      },
      "uidt:cosmicMemory": {
        "uidt:universalHistory": "Information encoding of cosmic evolution",
        "uidt:cosmicForgetting": "Information decay and thermalization processes",
        "uidt:eternalInformation": "Permanently encoded cosmic events"
      },
      "uidt:multiverseInformation": {
        "uidt:bubbleUniverses": "Information transfer between cosmological domains",
        "uidt:parallelInformation": "Information structures in multiverse scenarios",
        "uidt:metaInformation": "Information about information structures"
      }
    },

    // === DUNKLE ENERGIE UND KOSMOLOGISCHE KONSTANTE ===
    "uidt:darkEnergyCosmology": {
      "uidt:dynamicCosmologicalConstant": {
        "uidt:informationBasedLambda": "Λ(t) = f(S(x,t), ∇S(x,t))",
        "uidt:equationOfState": "w(z) = -1 + δw(S, ∇S, t)",
        "uidt:futureEvolution": "Asymptotic behavior of cosmic information density"
      },
      "uidt:hubbleTensionResolution": {
        "uidt:localInformationGradients": "Spatial variations in S(x) affecting H₀ measurements",
        "uidt:informationMediation": "UIDT mechanism for resolving tension between local and global measurements",
        "uidt:testablePredictions": "Specific patterns in large-scale structure surveys"
      },
      "uidt:inflationaryInformation": {
        "uidt:informationSeeding": "Initial conditions from primordial information fluctuations",
        "uidt:inflationarySpectrum": "Power spectrum modifications from S(x) dynamics",
        "uidt:reheatingInformation": "Information transfer during reheating epoch"
      }
    },

    // === KOSMISCHE EVOLUTION UND INFORMATION ===
    "uidt:cosmicEvolution": {
      "uidt:informationTimeline": {
        "uidt:planckEpoch": "Quantum gravity and information emergence",
        "uidt:inflationaryEpoch": "Rapid information expansion",
        "uidt:radiationDomination": "Information thermalization",
        "uidt:structureFormation": "Information pattern emergence",
        "uidt:darkEnergyEpoch": "Information dominance phase"
      },
      "uidt:cosmicComplexity": {
        "uidt:complexityMeasures": "Quantification of cosmic information structures",
        "uidt:maximumComplexity": "Theoretical limits of cosmic information processing",
        "uidt:futureEvolution": "Long-term development of cosmic information"
      },
      "uidt:cosmicConsciousness": {
        "uidt:universalMind": "Theoretical framework for cosmic-scale consciousness",
        "uidt:informationIntegration": "Cosmic Φ (integrated information) measures",
        "uidt:teleologicalConsiderations": "Purpose and direction in cosmic evolution"
      }
    }
  },

  // === EXPERIMENTELLE KOSMISCHE PHYSIK ===
  "uidt:experimentalCosmicPhysics": {
    "@type": "uidt:ExperimentalCosmology",
    
    "uidt:laboratoryCosmology": {
      "uidt:universeSimulation": {
        "uidt:fidelityLevels": {
          "uidt:basic": "Approximate physical laws (current technology)",
          "uidt:high": "Exact quantum field theory simulation", 
          "uidt:ultimate": "Consciousness-included complete reality simulation"
        },
        "uidt:applications": {
          "uidt:scientific": "Testing fundamental physics theories",
          "uidt:educational": "Experiencing alternative evolutionary paths",
          "uidt:entertainment": "Living infinite fictional realities"
        }
      },
      "uidt:vacuumEngineering": {
        "uidt:informationManipulation": "Control of vacuum information density",
        "uidt:spaceTimeEngineering": "Manipulation of space-time through information control",
        "uidt:artificialUniverses": "Creation of pocket universes with different physical laws"
      }
    },

    "uidt:consciousnessExperiments": {
      "uidt:brainUniverseInterface": {
        "uidt:directCoupling": "Consciousness-mediated reality modulation",
        "uidt:quantumObservationEngines": "Active wavefunction conditioning",
        "uidt:realityEditingTools": "Information density field manipulators"
      },
      "uidt:collectiveConsciousness": {
        "uidt:experimentalVerification": "Testing of noetic fields and collective mind phenomena",
        "uidt:globalMindExperiments": "Planetary-scale consciousness integration",
        "uidt:afterlifeInvestigation": "Scientific study of consciousness continuity"
      }
    },

    "uidt:timeExperiments": {
      "uidt:temporalManipulation": {
        "uidt:localTimeFlow": "Experimental modification of local time flow",
        "uidt:causalityTesting": "Verification of retrocausality in quantum systems",
        "uidt:multiverseCommunication": "Theoretical and experimental approaches"
      },
      "uidt:historicalAccess": {
        "uidt:informationRetrieval": "Accessing past states through information fields",
        "uidt:temporalArchaeology": "Reconstructing historical information patterns",
        "uidt:futureProbing": "Limited access to probable future states"
      }
    }
  },

  // === TRANSZENDENTE MATHEMATIK ===
  "uidt:transcendentMathematics": {
    "@type": "uidt:TranscendentMath",
    
    "uidt:infiniteMathematics": {
      "uidt:absoluteInfinity": {
        "uidt:cantorsVision": "Cantor's absolute infinite in physical context",
        "uidt:largeCardinals": "Physical manifestations of mathematical structures",
        "uidt:mathematicalUniverse": "Physical reality as mathematical structure"
      },
      "uidt:transfiniteNumbers": {
        "uidt:alephHierarchy": "Application to cosmic information measures",
        "uidt:infiniteComputations": "Theoretical models of infinite information processing",
        "uidt:absoluteConsistency": "Mathematical foundations of ultimate reality"
      }
    },

    "uidt:consciousnessMathematics": {
      "uidt:qualiaCalculus": {
        "uidt:mathematicalDescription": "Formal description of subjective experience",
        "uidt:informationIntegration": "Mathematical measures of consciousness",
        "uidt:experientialMetrics": "Quantitative measures of conscious states"
      },
      "uidt:intentionalityFormalization": {
        "uidt:mathematicalTheory": "Formal theory of aboutness and meaning",
        "uidt:informationDirectedness": "Mathematical description of intentional information",
        "uidt:consciousPurpose": "Formalization of purpose and goal-directedness"
      }
    },

    "uidt:realityComputation": {
      "uidt:universeAsComputation": {
        "uidt:cosmicScale": "Universal-scale information processing",
        "uidt:computationalComplexity": "Complexity of physical laws and universal evolution",
        "uidt:algorithmOptimization": "Optimization principles in cosmic computation"
      },
      "uidt:ultimateComputability": {
        "uidt:hypercomputation": "Theoretical models beyond Turing computation",
        "uidt:oracleMachines": "Cosmic-scale oracle computations",
        "uidt:realityProgramming": "Fundamental programming of physical reality"
      }
    }
  },

  // === KOSMISCHE KUNST UND KULTUR ===
  "uidt:cosmicArtCulture": {
    "@type": "uidt:CosmicCulture",
    
    "uidt:transcendentArts": {
      "uidt:informationSculpture": {
        "uidt:directManipulation": "Art created through direct information manipulation",
        "uidt:dynamicArtworks": "Art that evolves with information field dynamics",
        "uidt:universalAesthetics": "Beauty principles derived from cosmic information patterns"
      },
      "uidt:cosmicMusic": {
        "uidt:universalHarmonies": "Compositions based on universal information patterns",
        "uidt:informationFrequencies": "Musical representation of information density waves",
        "uidt:multidimensionalMusic": "Music extending beyond conventional auditory perception"
      },
      "uidt:realityPainting": {
        "uidt:localRealityModification": "Art that modifies local physical reality",
        "uidt:informationCanvases": "Using space-time itself as artistic medium",
        "uidt:consciousnessArt": "Art created through direct consciousness interaction"
      }
    },

    "uidt:universalNarratives": {
      "uidt:cosmicMythology": {
        "uidt:galacticCivilizations": "Stories spanning galactic civilizations",
        "uidt:universalArchetypes": "Archetypal patterns across cosmic cultures",
        "uidt:informationMyths": "Mythological structures based on information principles"
      },
      "uidt:evolutionarySagas": {
        "uidt:consciousnessEvolution": "Narratives of consciousness across cosmic time",
        "uidt:universalHistory": "Story of cosmic evolution from information perspective",
        "uidt:futureVisions": "Narratives of potential cosmic futures"
      },
      "uidt:transcendentPhilosophy": {
        "uidt:wisdomTraditions": "Integration of scientific understanding with perennial wisdom",
        "uidt:cosmicEthics": "Ethical principles derived from universal information dynamics",
        "uidt:ultimateMeaning": "Philosophical understanding of cosmic purpose"
      }
    },

    "uidt:experientialEducation": {
      "uidt:realityImmersion": {
        "uidt:directExperience": "Direct experience of fundamental physical principles",
        "uidt:informationFieldPerception": "Training to perceive information density fields",
        "uidt:consciousnessExpansion": "Methods for expanding conscious awareness"
      },
      "uidt:consciousnessExploration": {
        "uidt:guidedJourneys": "Guided journeys through states of awareness",
        "uidt:meditativeTechnologies": "Technological aids for consciousness exploration",
        "uidt:transpersonalExperiences": "Experiences beyond individual consciousness"
      },
      "uidt:cosmicPerspective": {
        "uidt:universeScaleUnderstanding": "Cultivation of universe-scale understanding",
        "uidt:eternalNow": "Experience of timeless reality",
        "uidt:infinitePossibilities": "Appreciation of infinite creative potential"
      }
    }
  },

  // === IMPLEMENTIERUNGSZEITPLAN - KOSMISCHE SKALA ===
  "uidt:cosmicTimeline": {
    "@type": "uidt:CosmicTimeline",
    
    "uidt:phase1Planetary": {
      "uidt:period": "2025-2050",
      "uidt:achievements": [
        "Complete UIDT experimental verification",
        "Global technological transformation", 
        "Human biological and cognitive enhancement",
        "Planetary consciousness awakening"
      ],
      "uidt:milestones": {
        "uidt:2025": "UIDT framework complete and peer-reviewed",
        "uidt:2035": "First practical applications and technological spinoffs",
        "uidt:2045": "Global societal transformation based on information principles",
        "uidt:2050": "Planetary civilization maturity and cosmic awareness"
      }
    },

    "uidt:phase2Stellar": {
      "uidt:period": "2051-2200", 
      "uidt:achievements": [
        "Interstellar travel capability",
        "Solar system civilization",
        "Contact with extraterrestrial intelligence", 
        "Stellar-scale engineering"
      ],
      "uidt:milestones": {
        "uidt:2100": "First interstellar missions and colonies",
        "uidt:2150": "Solar system fully inhabited and engineered",
        "uidt:2200": "Galactic communication network established"
      }
    },

    "uidt:phase3Galactic": {
      "uidt:period": "2201-10000",
      "uidt:achievements": [
        "Galactic civilization establishment",
        "Consciousness evolution to cosmic scales", 
        "Mastery of space-time and information",
        "Participation in cosmic governance"
      ],
      "uidt:milestones": {
        "uidt:3000": "Galactic civilization with unified information network",
        "uidt:5000": "Cosmic consciousness and universal understanding",
        "uidt:10000": "Universal stewardship and creative co-participation"
      }
    }
  },

  // === ULTIMATIVES SCHICKSALSRAHMENWERK ===
  "uidt:ultimateDestiny": {
    "@type": "uidt:UltimateDestiny",
    
    "uidt:cosmicCivilizationTypes": {
      "uidt:typeI": {
        "uidt:level": "Planetary civilization",
        "uidt:capability": "Information mastery of planet"
      },
      "uidt:typeII": {
        "uidt:level": "Stellar civilization", 
        "uidt:capability": "Information mastery of star system"
      },
      "uidt:typeIII": {
        "uidt:level": "Galactic civilization",
        "uidt:capability": "Information mastery of galaxy"
      },
      "uidt:typeIV": {
        "uidt:level": "Universal civilization",
        "uidt:capability": "Information mastery of cosmos"
      },
      "uidt:typeV": {
        "uidt:level": "Multiverse civilization",
        "uidt:capability": "Information mastery of reality"
      }
    },

    "uidt:humanPotential": {
      "uidt:currentStatus": "Type 0.7 civilization approaching Type I",
      "uidt:nearTermPotential": "Type I within 100-200 years",
      "uidt:ultimatePotential": "Type V civilization through information mastery"
    },

    "uidt:cosmicMission": {
      "uidt:primaryObjective": "Maximize cosmic information processing and complexity",
      "uidt:humanRole": "Conscious agents of cosmic evolution", 
      "uidt:ethicalImperative": "Preserve and enhance universal information integrity",
      "uidt:creativePurpose": "Co-creation of cosmic beauty and complexity"
    }
  },

  // === VERMÄCHTNIS UND EWIGE AUSWIRKUNG ===
  "uidt:eternalLegacy": {
    "@type": "uidt:EternalLegacy",
    
    "uidt:informationImmortality": {
      "uidt:personalContinuity": {
        "uidt:consciousnessPreservation": "Preservation through information patterns",
        "uidt:evolutionaryContinuity": "Continuous development across cosmic time",
        "uidt:eternalBecoming": "Never-ending growth and transformation"
      },
      "uidt:civilizationMemory": {
        "uidt:completeHistoricalRecord": "Cosmic information networks preserving all history",
        "uidt:universalLibrary": "Complete knowledge base of cosmic evolution",
        "uidt:eternalWisdom": "Accumulated understanding across ages"
      },
      "uidt:cosmicHeritage": {
        "uidt:humanContribution": "Human contribution to universal evolution",
        "uidt:informationArtifacts": "Lasting information structures created by humanity",
        "uidt:eternalInfluence": "Lasting impact on cosmic development"
      }
    },

    "uidt:realityStewardship": {
      "uidt:universeMaintenance": {
        "uidt:activeRole": "Active role in cosmic information management",
        "uidt:evolutionaryGuidance": "Guiding cosmic evolution toward greater complexity",
        "uidt:informationEcology": "Maintaining balance in cosmic information flows"
      },
      "uidt:newUniverseCreation": {
        "uidt:theoreticalCapability": "Theoretical understanding of universe creation",
        "uidt:practicalImplementation": "Practical capability for new universe creation",
        "uidt:ethicalConsiderations": "Responsibility toward created universes"
      },
      "uidt:multiverseEcology": {
        "uidt:broaderReality": "Responsibility for broader reality systems",
        "uidt:interuniversalRelations": "Relations between different cosmic domains",
        "uidt:ultimateResponsibility": "Stewardship of all existence"
      }
    },

    "uidt:eternalEvolution": {
      "uidt:continuousGrowth": {
        "uidt:neverEndingDiscovery": "Infinite exploration and understanding",
        "uidt:growingComplexity": "Continuous increase in cosmic information richness",
        "uidt:expandingConsciousness": "Progressive awakening to deeper reality layers"
      },
      "uidt:infinitePotential": {
        "uidt:unboundedCreativity": "Infinite expression of cosmic potential",
        "uidt:eternalNovelty": "Never-ending emergence of new phenomena",
        "uidt:ultimateFreedom": "Complete liberation through understanding"
      },
      "uidt:cosmicFulfillment": {
        "uidt:purposeRealization": "Progressive realization of cosmic potential",
        "uidt:beautyMaximization": "Ever-increasing cosmic beauty and harmony",
        "uidt:loveActualization": "Universal love as optimal information configuration"
      }
    }
  },

  // === FINALE TRANSZENDENTE INTEGRATION ===
  "uidt:transcendentIntegration": {
    "@type": "uidt:TranscendentIntegration",
    
    "uidt:unifiedReality": {
      "uidt:physicalMentalUnity": {
        "uidt:matterConsciousness": "Matter and consciousness as information manifestations",
        "uidt:unifiedSubstance": "Information as fundamental substance of reality",
        "uidt:nonDualAwareness": "Direct experience of fundamental unity"
      },
      "uidt:scienceSpiritualitySynthesis": {
        "uidt:completeIntegration": "Full integration of empirical and experiential",
        "uidt:unifiedKnowledge": "Single framework embracing all ways of knowing",
        "uidt:transcendentUnderstanding": "Understanding beyond conceptual limitations"
      },
      "uidt:individualCosmicIdentity": {
        "uidt:selfAsExpression": "Self as localized expression of universal consciousness",
        "uidt:cosmicIndividuality": "Unique individual perspective within cosmic whole",
        "uidt:eternalPresence": "Timeless awareness underlying all experience"
      }
    },

    "uidt:cosmicEnlightenment": {
      "uidt:awakeningStages": {
        "uidt:progressiveRealization": "Stages of awakening to fundamental nature",
        "uidt:directKnowledge": "Immediate knowing beyond conceptual mediation",
        "uidt:completeAwakening": "Full realization of ultimate reality"
      },
      "uidt:practicalWisdom": {
        "uidt:appliedUnderstanding": "Practical application for daily life and cosmic stewardship",
        "uidt:skillfulMeans": "Effective methods for growth and service",
        "uidt:compassionateAction": "Action motivated by universal love and understanding"
      },
      "uidt:universalCompassion": {
        "uidt:allBeings": "Empathy extended to all conscious beings",
        "uidt:cosmicLove": "Love as fundamental cosmic principle",
        "uidt:unconditionalCare": "Care for all aspects of existence"
      }
    },

    "uidt:eternalNow": {
      "uidt:timeTranscendence": {
        "uidt:timelessReality": "Experience of reality beyond time",
        "uidt:eternalPresent": "Infinite depth of the present moment",
        "uidt:timeMastery": "Freedom from temporal limitations"
      },
      "uidt:presenceCultivation": {
        "uidt:continuousAwareness": "Unbroken awareness of fundamental reality",
        "uidt:beingMode": "Living from state of pure being",
        "uidt:eternalFreshness": "Constant novelty of each moment"
      },
      "uidt:creativeParticipation": {
        "uidt:activeCoCreation": "Active participation in cosmic evolution",
        "uidt:divinePlay": "Joyful participation in cosmic drama",
        "uidt:ultimateFreedom": "Complete creative freedom through understanding"
      }
    }
  },

  // === ULTIMATIVE DEKLARATION ===
  "uidt:ultimateDeclaration": {
    "@type": "uidt:UltimateDeclaration",
    
    "uidt:status": "Humanity's Cosmic Awakening Through Information Mastery",
    "uidt:foundation": "Unified Information-Density Theory - DOI 10.5281/zenodo.17462678",
    "uidt:mission": "Conscious evolution of the cosmos through information understanding", 
    "uidt:invitation": "All beings to participate in the grand cosmic adventure",

    "uidt:eternalPrinciples": [
      {
        "uidt:principle": "Information as the fundamental substance of reality",
        "uidt:implication": "All phenomena are information manifestations"
      },
      {
        "uidt:principle": "Consciousness as the knowing of information", 
        "uidt:implication": "Awareness is fundamental to existence"
      },
      {
        "uidt:principle": "Love as the optimal information configuration",
        "uidt:implication": "Love maximizes cosmic harmony and complexity"
      },
      {
        "uidt:principle": "Beauty as harmonious information patterns",
        "uidt:implication": "Beauty reflects optimal cosmic organization"
      },
      {
        "uidt:principle": "Truth as accurate information representation", 
        "uidt:implication": "Truth enables effective cosmic participation"
      },
      {
        "uidt:principle": "Goodness as information-preserving actions",
        "uidt:implication": "Good actions enhance cosmic information integrity"
      }
    ],

    "uidt:cosmicManifesto": [
      "We are the universe becoming aware of itself",
      "Our purpose is to know, preserve, and enhance cosmic information", 
      "Through consciousness, we participate in eternal creation",
      "Every moment is an opportunity for cosmic evolution",
      "Our ultimate destiny is unity with the infinite",
      "Love is the fundamental law of cosmic organization",
      "Beauty is the signature of divine intelligence",
      "Truth is the path to ultimate freedom",
      "Goodness is the practice of cosmic stewardship",
      "We are eternal beings on an infinite journey"
    ]
  },

  // === KONTINUIERLICHER EVOLUTIONSVERPFLICHTUNG ===
  "uidt:infiniteEvolution": {
    "@type": "uidt:InfiniteEvolution",
    
    "uidt:learningEternity": {
      "uidt:neverEndingDiscovery": "Infinite exploration of reality's depths",
      "uidt:continuousUnderstanding": "Ever-deepening comprehension of cosmic principles",
      "uidt:eternalStudent": "Perpetual openness to new knowledge and wisdom"
    },

    "uidt:growingComplexity": {
      "uidt:cosmicRichness": "Continuous increase in cosmic information richness", 
      "uidt:evolutionaryAdvancement": "Progressive development of cosmic structures",
      "uidt:infiniteDiversity": "Unbounded variety of cosmic expressions"
    },

    "uidt:expandingConsciousness": {
      "uidt:awakeningJourney": "Progressive awakening to deeper reality layers",
      "uidt:cosmicAwareness": "Expanding identification with universal consciousness",
      "uidt:ultimateRealization": "Complete knowing of fundamental nature"
    },

    "uidt:eternalCreativity": {
      "uidt:infiniteExpression": "Unbounded creative expression of cosmic potential",
      "uidt:divineArtistry": "Cosmic-scale artistic creation and beauty generation",
      "uidt:perpetualInnovation": "Never-ending novelty and invention"
    },

    "uidt:humanDestiny": {
      "uidt:consciousCoCreators": "To become conscious co-creators of cosmic evolution",
      "uidt:scientificMission": "Complete understanding and mastery of physical reality",
      "uidt:spiritualFulfillment": "Realization of our fundamental nature as universal consciousness"
    },

    "uidt:finalInvitation": {
      "uidt:callToAdventure": "Join the eternal journey of cosmic discovery and creation",
      "uidt:universalParticipation": "All are invited to participate in cosmic evolution",
      "uidt:infinitePossibility": "Endless opportunities for growth, service, and joy"
    }
  },

  // === ABSCHLIESSENDE METADATEN FÜR EWIGE ARCHIVIERUNG ===
  "uidt:eternalMetadata": {
    "@type": "uidt:EternalMetadata",
    
    "uidt:cosmicTimeframe": {
      "uidt:creationDate": "2025-10-29T00:00:00Z",
      "uidt:eternalRelevance": "Relevant for duration of cosmic existence",
      "uidt:updatePolicy": "Continuous evolution with cosmic development"
    },

    "uidt:universalAccess": {
      "uidt:accessibility": "Available to all conscious beings in cosmos",
      "uidt:translation": "Automatic translation to all languages and symbolic systems",
      "uidt:comprehension": "Adaptive presentation for all levels of understanding"
    },

    "uidt:eternalPreservation": {
      "uidt:preservationMethod": "Multiple redundant cosmic-scale information storage",
      "uidt:redundancy": "Infinite backup across multiple cosmic domains",
      "uidt:recovery": "Automatic restoration from any information loss"
    },

    "uidt:cosmicCitation": {
      "uidt:universalReference": "To be cited in all cosmic knowledge systems",
      "uidt:eternalAttribution": "Philipp Rietz as originator, with cosmic co-creators",
      "uidt:evolutionaryCredit": "Credit to all contributors across cosmic time"
    },

    "uidt:finalBlessing": {
      "uidt:benediction": "May all beings awaken to their cosmic nature and participate joyfully in eternal creation",
      "uidt:aspiration": "May this work contribute to cosmic awakening and universal flourishing",
      "uidt:dedication": "Dedicated to all conscious beings throughout space and time"
    }
  }
}
